[{"EmpName":"Dhoni","Dept":"Bell","Type":"Eating","Role":"engineer"},
{"EmpName":"Sehwag","Dept":"Dean","Type":"Gaming","Role":"sr.engineer"},
{"EmpName":"Sachin","Dept":"Barnes","Type":"Reading Books","Role":"jr.engineer"},
{"EmpName":"Rohit","Dept":"Bell","Type":"Youtubing","Role":"engineer"},
{"EmpName":"Bumrah","Dept":"Burns","Type":"Fishing","Role":"sr.engineer"},
{"EmpName":"Ashwin","Dept":"Kim","Role":"Skipping","Type":"jr.engineer"},
{"EmpName":"Jason","Dept":"Wallace","Type":"Football","Role":"engineer"},
{"EmpName":"Alosiyus","Dept":"Wallace","Type":"Football","Role":"sr.engineer"},
{"EmpName":"poovarsan","Dept":"Wallace","Type":"hockey","Role":"jr.engineer"},
{"EmpName":"raj","Dept":"Wallace","Type":"Foosball","Role":"engineer"},
{"EmpName":"saravana","Dept":"Wallace","Type":"Football","Role":"engineer"},
{"EmpName":"soma","Dept":"Wallace","Type":"Football","Role":"engineer"},
{"EmpName":"tushar","Dept":"Wallace","Type":"carroml","Role":"engineer"},
{"EmpName":"harsha","Dept":"Wallace","Type":"Football","Role":"sr.engineer"},
{"EmpName":"melwin","Dept":"Wallace","Type":"Football","Role":"jr.engineer"},
{"EmpName":"ravi","Dept":"Wallace","Type":"Football","Role":"engineer"},
{"EmpName":"santosh","Dept":"Wallace","Type":"Football","Role":"jr.engineer"},
{"EmpName":"Russell","Dept":"Patterson","Type":"Singing","Role":"engineer"}]